stage,dataset,label_column,return_column,horizon_bars,threshold,model,cost_bps,max_rows,folds,process_exit_code,verdict,trade_count,win_rate,avg_trade_return,total_return_gross,total_return_net,max_drawdown,long_count,short_count,best_baseline_name,best_baseline_return_net,excess_over_best_baseline,promoted,promotion_reason,gate_status,summary_json_path,summary_md_path,log_path,command
MEDIUM_STAGE,reports/hydra_label_lab/hydra_label_lab_20260522T210742Z/datasets/raw_sign_72b.parquet,lab_raw_sign_72b,fwd_ret_72b,72,0.72,lightgbm_or_sklearn_fallback,2.0,100000,3,0,WEAK_EDGE_NONOVERLAP,838,0.5035799522673031,0.00015399064143848732,0.29664415752545237,0.12904415752545237,-0.11646620562181818,374,464,random_seed_8,0.035344222873104396,0.09369993465234797,True,medium promotion gate passed,PROMOTED_TO_FULL,reports/hydra_research_gauntlet_standard_raw_72b/hydra_gauntlet_standard_lab_raw_sign_72b_20260522T225803Z/stage_outputs/medium_stage_lightgbm_or_sklearn_fallback_thr_0.72_cost_2.0_rows_100000/nonoverlap_raw_sign_72b_lab_raw_sign_72b_20260522_231718/summary.json,reports/hydra_research_gauntlet_standard_raw_72b/hydra_gauntlet_standard_lab_raw_sign_72b_20260522T225803Z/stage_outputs/medium_stage_lightgbm_or_sklearn_fallback_thr_0.72_cost_2.0_rows_100000/nonoverlap_raw_sign_72b_lab_raw_sign_72b_20260522_231718/summary.md,reports/hydra_research_gauntlet_standard_raw_72b/hydra_gauntlet_standard_lab_raw_sign_72b_20260522T225803Z/logs/medium_stage_lightgbm_or_sklearn_fallback_thr_0.72_cost_2.0_rows_100000.log,python scripts/validate_hydra_nonoverlap.py --dataset reports/hydra_label_lab/hydra_label_lab_20260522T210742Z/datasets/raw_sign_72b.parquet --label-column lab_raw_sign_72b --return-column fwd_ret_72b --horizon-bars 72 --folds 3 --embargo-bars 288 --threshold 0.72 --cost-bps 2.0 --model lightgbm_or_sklearn_fallback --output-dir reports/hydra_research_gauntlet_standard_raw_72b/hydra_gauntlet_standard_lab_raw_sign_72b_20260522T225803Z/stage_outputs/medium_stage_lightgbm_or_sklearn_fallback_thr_0.72_cost_2.0_rows_100000 --max-rows 100000
MEDIUM_STAGE,reports/hydra_label_lab/hydra_label_lab_20260522T210742Z/datasets/raw_sign_72b.parquet,lab_raw_sign_72b,fwd_ret_72b,72,0.65,hist_gradient_boosting,2.0,100000,3,0,WEAK_EDGE_NONOVERLAP,959,0.5213764337851929,7.610694212566483e-05,0.26478655749851254,0.07298655749851257,-0.12322627719697583,495,464,random_seed_8,0.035344222873104396,0.037642334625408176,True,medium promotion gate passed,PROMOTED_TO_FULL,reports/hydra_research_gauntlet_standard_raw_72b/hydra_gauntlet_standard_lab_raw_sign_72b_20260522T225803Z/stage_outputs/medium_stage_hist_gradient_boosting_thr_0.65_cost_2.0_rows_100000/nonoverlap_raw_sign_72b_lab_raw_sign_72b_20260522_230929/summary.json,reports/hydra_research_gauntlet_standard_raw_72b/hydra_gauntlet_standard_lab_raw_sign_72b_20260522T225803Z/stage_outputs/medium_stage_hist_gradient_boosting_thr_0.65_cost_2.0_rows_100000/nonoverlap_raw_sign_72b_lab_raw_sign_72b_20260522_230929/summary.md,reports/hydra_research_gauntlet_standard_raw_72b/hydra_gauntlet_standard_lab_raw_sign_72b_20260522T225803Z/logs/medium_stage_hist_gradient_boosting_thr_0.65_cost_2.0_rows_100000.log,python scripts/validate_hydra_nonoverlap.py --dataset reports/hydra_label_lab/hydra_label_lab_20260522T210742Z/datasets/raw_sign_72b.parquet --label-column lab_raw_sign_72b --return-column fwd_ret_72b --horizon-bars 72 --folds 3 --embargo-bars 288 --threshold 0.65 --cost-bps 2.0 --model hist_gradient_boosting --output-dir reports/hydra_research_gauntlet_standard_raw_72b/hydra_gauntlet_standard_lab_raw_sign_72b_20260522T225803Z/stage_outputs/medium_stage_hist_gradient_boosting_thr_0.65_cost_2.0_rows_100000 --max-rows 100000
MEDIUM_STAGE,reports/hydra_label_lab/hydra_label_lab_20260522T210742Z/datasets/raw_sign_72b.parquet,lab_raw_sign_72b,fwd_ret_72b,72,0.58,hist_gradient_boosting,2.0,100000,3,0,WEAK_EDGE_NONOVERLAP,1019,0.5161923454367027,5.35596812899721e-05,0.25837731523448154,0.054577315234481574,-0.12382668795613744,542,477,random_seed_8,0.035344222873104396,0.01923309236137718,True,medium promotion gate passed,PROMOTED_TO_FULL,reports/hydra_research_gauntlet_standard_raw_72b/hydra_gauntlet_standard_lab_raw_sign_72b_20260522T225803Z/stage_outputs/medium_stage_hist_gradient_boosting_thr_0.58_cost_2.0_rows_100000/nonoverlap_raw_sign_72b_lab_raw_sign_72b_20260522_230612/summary.json,reports/hydra_research_gauntlet_standard_raw_72b/hydra_gauntlet_standard_lab_raw_sign_72b_20260522T225803Z/stage_outputs/medium_stage_hist_gradient_boosting_thr_0.58_cost_2.0_rows_100000/nonoverlap_raw_sign_72b_lab_raw_sign_72b_20260522_230612/summary.md,reports/hydra_research_gauntlet_standard_raw_72b/hydra_gauntlet_standard_lab_raw_sign_72b_20260522T225803Z/logs/medium_stage_hist_gradient_boosting_thr_0.58_cost_2.0_rows_100000.log,python scripts/validate_hydra_nonoverlap.py --dataset reports/hydra_label_lab/hydra_label_lab_20260522T210742Z/datasets/raw_sign_72b.parquet --label-column lab_raw_sign_72b --return-column fwd_ret_72b --horizon-bars 72 --folds 3 --embargo-bars 288 --threshold 0.58 --cost-bps 2.0 --model hist_gradient_boosting --output-dir reports/hydra_research_gauntlet_standard_raw_72b/hydra_gauntlet_standard_lab_raw_sign_72b_20260522T225803Z/stage_outputs/medium_stage_hist_gradient_boosting_thr_0.58_cost_2.0_rows_100000 --max-rows 100000
MEDIUM_STAGE,reports/hydra_label_lab/hydra_label_lab_20260522T210742Z/datasets/raw_sign_72b.parquet,lab_raw_sign_72b,fwd_ret_72b,72,0.55,lightgbm_or_sklearn_fallback,2.0,100000,3,0,WEAK_EDGE_NONOVERLAP,1031,0.513094083414161,4.451297080495523e-05,0.25209287289990884,0.045892872899908836,-0.13758220812463645,483,548,random_seed_8,0.035344222873104396,0.01054865002680444,True,medium promotion gate passed,PROMOTED_TO_FULL,reports/hydra_research_gauntlet_standard_raw_72b/hydra_gauntlet_standard_lab_raw_sign_72b_20260522T225803Z/stage_outputs/medium_stage_lightgbm_or_sklearn_fallback_thr_0.55_cost_2.0_rows_100000/nonoverlap_raw_sign_72b_lab_raw_sign_72b_20260522_231332/summary.json,reports/hydra_research_gauntlet_standard_raw_72b/hydra_gauntlet_standard_lab_raw_sign_72b_20260522T225803Z/stage_outputs/medium_stage_lightgbm_or_sklearn_fallback_thr_0.55_cost_2.0_rows_100000/nonoverlap_raw_sign_72b_lab_raw_sign_72b_20260522_231332/summary.md,reports/hydra_research_gauntlet_standard_raw_72b/hydra_gauntlet_standard_lab_raw_sign_72b_20260522T225803Z/logs/medium_stage_lightgbm_or_sklearn_fallback_thr_0.55_cost_2.0_rows_100000.log,python scripts/validate_hydra_nonoverlap.py --dataset reports/hydra_label_lab/hydra_label_lab_20260522T210742Z/datasets/raw_sign_72b.parquet --label-column lab_raw_sign_72b --return-column fwd_ret_72b --horizon-bars 72 --folds 3 --embargo-bars 288 --threshold 0.55 --cost-bps 2.0 --model lightgbm_or_sklearn_fallback --output-dir reports/hydra_research_gauntlet_standard_raw_72b/hydra_gauntlet_standard_lab_raw_sign_72b_20260522T225803Z/stage_outputs/medium_stage_lightgbm_or_sklearn_fallback_thr_0.55_cost_2.0_rows_100000 --max-rows 100000
MEDIUM_STAGE,reports/hydra_label_lab/hydra_label_lab_20260522T210742Z/datasets/raw_sign_72b.parquet,lab_raw_sign_72b,fwd_ret_72b,72,0.62,hist_gradient_boosting,2.0,100000,3,0,WEAK_EDGE_NONOVERLAP,983,0.5015259409969481,3.9539308525933787e-05,0.23546714028099291,0.03886714028099291,-0.1459440489164565,516,467,random_seed_8,0.035344222873104396,0.003522917407888515,True,medium promotion gate passed,PROMOTED_TO_FULL,reports/hydra_research_gauntlet_standard_raw_72b/hydra_gauntlet_standard_lab_raw_sign_72b_20260522T225803Z/stage_outputs/medium_stage_hist_gradient_boosting_thr_0.62_cost_2.0_rows_100000/nonoverlap_raw_sign_72b_lab_raw_sign_72b_20260522_230824/summary.json,reports/hydra_research_gauntlet_standard_raw_72b/hydra_gauntlet_standard_lab_raw_sign_72b_20260522T225803Z/stage_outputs/medium_stage_hist_gradient_boosting_thr_0.62_cost_2.0_rows_100000/nonoverlap_raw_sign_72b_lab_raw_sign_72b_20260522_230824/summary.md,reports/hydra_research_gauntlet_standard_raw_72b/hydra_gauntlet_standard_lab_raw_sign_72b_20260522T225803Z/logs/medium_stage_hist_gradient_boosting_thr_0.62_cost_2.0_rows_100000.log,python scripts/validate_hydra_nonoverlap.py --dataset reports/hydra_label_lab/hydra_label_lab_20260522T210742Z/datasets/raw_sign_72b.parquet --label-column lab_raw_sign_72b --return-column fwd_ret_72b --horizon-bars 72 --folds 3 --embargo-bars 288 --threshold 0.62 --cost-bps 2.0 --model hist_gradient_boosting --output-dir reports/hydra_research_gauntlet_standard_raw_72b/hydra_gauntlet_standard_lab_raw_sign_72b_20260522T225803Z/stage_outputs/medium_stage_hist_gradient_boosting_thr_0.62_cost_2.0_rows_100000 --max-rows 100000
SMOKE_STAGE,reports/hydra_label_lab/hydra_label_lab_20260522T210742Z/datasets/raw_sign_72b.parquet,lab_raw_sign_72b,fwd_ret_72b,72,0.68,lightgbm_or_sklearn_fallback,2.0,50000,2,0,WEAK_EDGE_NONOVERLAP,437,0.5423340961098398,0.0002739346356566062,0.2071094357819369,0.11970943578193691,-0.07823739888009498,106,331,random_seed_9,0.002319934289830252,0.11738950149210665,True,smoke promotion gate passed,PROMOTED_TO_MEDIUM,reports/hydra_research_gauntlet_standard_raw_72b/hydra_gauntlet_standard_lab_raw_sign_72b_20260522T225803Z/stage_outputs/smoke_stage_lightgbm_or_sklearn_fallback_thr_0.68_cost_2.0_rows_50000/nonoverlap_raw_sign_72b_lab_raw_sign_72b_20260522_230330/summary.json,reports/hydra_research_gauntlet_standard_raw_72b/hydra_gauntlet_standard_lab_raw_sign_72b_20260522T225803Z/stage_outputs/smoke_stage_lightgbm_or_sklearn_fallback_thr_0.68_cost_2.0_rows_50000/nonoverlap_raw_sign_72b_lab_raw_sign_72b_20260522_230330/summary.md,reports/hydra_research_gauntlet_standard_raw_72b/hydra_gauntlet_standard_lab_raw_sign_72b_20260522T225803Z/logs/smoke_stage_lightgbm_or_sklearn_fallback_thr_0.68_cost_2.0_rows_50000.log,python scripts/validate_hydra_nonoverlap.py --dataset reports/hydra_label_lab/hydra_label_lab_20260522T210742Z/datasets/raw_sign_72b.parquet --label-column lab_raw_sign_72b --return-column fwd_ret_72b --horizon-bars 72 --folds 2 --embargo-bars 288 --threshold 0.68 --cost-bps 2.0 --model lightgbm_or_sklearn_fallback --output-dir reports/hydra_research_gauntlet_standard_raw_72b/hydra_gauntlet_standard_lab_raw_sign_72b_20260522T225803Z/stage_outputs/smoke_stage_lightgbm_or_sklearn_fallback_thr_0.68_cost_2.0_rows_50000 --max-rows 50000
SMOKE_STAGE,reports/hydra_label_lab/hydra_label_lab_20260522T210742Z/datasets/raw_sign_72b.parquet,lab_raw_sign_72b,fwd_ret_72b,72,0.65,hist_gradient_boosting,2.0,50000,2,0,WEAK_EDGE_NONOVERLAP,448,0.5357142857142857,0.00024989153753981113,0.2015514088178354,0.1119514088178354,-0.10876597178377691,113,335,random_seed_9,0.002319934289830252,0.10963147452800515,True,smoke promotion gate passed,PROMOTED_TO_MEDIUM,reports/hydra_research_gauntlet_standard_raw_72b/hydra_gauntlet_standard_lab_raw_sign_72b_20260522T225803Z/stage_outputs/smoke_stage_hist_gradient_boosting_thr_0.65_cost_2.0_rows_50000/nonoverlap_raw_sign_72b_lab_raw_sign_72b_20260522_230036/summary.json,reports/hydra_research_gauntlet_standard_raw_72b/hydra_gauntlet_standard_lab_raw_sign_72b_20260522T225803Z/stage_outputs/smoke_stage_hist_gradient_boosting_thr_0.65_cost_2.0_rows_50000/nonoverlap_raw_sign_72b_lab_raw_sign_72b_20260522_230036/summary.md,reports/hydra_research_gauntlet_standard_raw_72b/hydra_gauntlet_standard_lab_raw_sign_72b_20260522T225803Z/logs/smoke_stage_hist_gradient_boosting_thr_0.65_cost_2.0_rows_50000.log,python scripts/validate_hydra_nonoverlap.py --dataset reports/hydra_label_lab/hydra_label_lab_20260522T210742Z/datasets/raw_sign_72b.parquet --label-column lab_raw_sign_72b --return-column fwd_ret_72b --horizon-bars 72 --folds 2 --embargo-bars 288 --threshold 0.65 --cost-bps 2.0 --model hist_gradient_boosting --output-dir reports/hydra_research_gauntlet_standard_raw_72b/hydra_gauntlet_standard_lab_raw_sign_72b_20260522T225803Z/stage_outputs/smoke_stage_hist_gradient_boosting_thr_0.65_cost_2.0_rows_50000 --max-rows 50000
SMOKE_STAGE,reports/hydra_label_lab/hydra_label_lab_20260522T210742Z/datasets/raw_sign_72b.parquet,lab_raw_sign_72b,fwd_ret_72b,72,0.7,hist_gradient_boosting,2.0,50000,2,0,WEAK_EDGE_NONOVERLAP,435,0.5218390804597701,0.00022619487713927062,0.18539477155558273,0.09839477155558272,-0.07671314467397886,95,340,random_seed_9,0.002319934289830252,0.09607483726575247,True,smoke promotion gate passed,PROMOTED_TO_MEDIUM,reports/hydra_research_gauntlet_standard_raw_72b/hydra_gauntlet_standard_lab_raw_sign_72b_20260522T225803Z/stage_outputs/smoke_stage_hist_gradient_boosting_thr_0.7_cost_2.0_rows_50000/nonoverlap_raw_sign_72b_lab_raw_sign_72b_20260522_230132/summary.json,reports/hydra_research_gauntlet_standard_raw_72b/hydra_gauntlet_standard_lab_raw_sign_72b_20260522T225803Z/stage_outputs/smoke_stage_hist_gradient_boosting_thr_0.7_cost_2.0_rows_50000/nonoverlap_raw_sign_72b_lab_raw_sign_72b_20260522_230132/summary.md,reports/hydra_research_gauntlet_standard_raw_72b/hydra_gauntlet_standard_lab_raw_sign_72b_20260522T225803Z/logs/smoke_stage_hist_gradient_boosting_thr_0.7_cost_2.0_rows_50000.log,python scripts/validate_hydra_nonoverlap.py --dataset reports/hydra_label_lab/hydra_label_lab_20260522T210742Z/datasets/raw_sign_72b.parquet --label-column lab_raw_sign_72b --return-column fwd_ret_72b --horizon-bars 72 --folds 2 --embargo-bars 288 --threshold 0.7 --cost-bps 2.0 --model hist_gradient_boosting --output-dir reports/hydra_research_gauntlet_standard_raw_72b/hydra_gauntlet_standard_lab_raw_sign_72b_20260522T225803Z/stage_outputs/smoke_stage_hist_gradient_boosting_thr_0.7_cost_2.0_rows_50000 --max-rows 50000
SMOKE_STAGE,reports/hydra_label_lab/hydra_label_lab_20260522T210742Z/datasets/raw_sign_72b.parquet,lab_raw_sign_72b,fwd_ret_72b,72,0.55,lightgbm_or_sklearn_fallback,2.0,50000,2,0,WEAK_EDGE_NONOVERLAP,458,0.5218340611353712,0.0001945029659624737,0.18068235841081295,0.08908235841081295,-0.06908991025482591,127,331,random_seed_9,0.002319934289830252,0.0867624241209827,True,smoke promotion gate passed,PROMOTED_TO_MEDIUM,reports/hydra_research_gauntlet_standard_raw_72b/hydra_gauntlet_standard_lab_raw_sign_72b_20260522T225803Z/stage_outputs/smoke_stage_lightgbm_or_sklearn_fallback_thr_0.55_cost_2.0_rows_50000/nonoverlap_raw_sign_72b_lab_raw_sign_72b_20260522_230214/summary.json,reports/hydra_research_gauntlet_standard_raw_72b/hydra_gauntlet_standard_lab_raw_sign_72b_20260522T225803Z/stage_outputs/smoke_stage_lightgbm_or_sklearn_fallback_thr_0.55_cost_2.0_rows_50000/nonoverlap_raw_sign_72b_lab_raw_sign_72b_20260522_230214/summary.md,reports/hydra_research_gauntlet_standard_raw_72b/hydra_gauntlet_standard_lab_raw_sign_72b_20260522T225803Z/logs/smoke_stage_lightgbm_or_sklearn_fallback_thr_0.55_cost_2.0_rows_50000.log,python scripts/validate_hydra_nonoverlap.py --dataset reports/hydra_label_lab/hydra_label_lab_20260522T210742Z/datasets/raw_sign_72b.parquet --label-column lab_raw_sign_72b --return-column fwd_ret_72b --horizon-bars 72 --folds 2 --embargo-bars 288 --threshold 0.55 --cost-bps 2.0 --model lightgbm_or_sklearn_fallback --output-dir reports/hydra_research_gauntlet_standard_raw_72b/hydra_gauntlet_standard_lab_raw_sign_72b_20260522T225803Z/stage_outputs/smoke_stage_lightgbm_or_sklearn_fallback_thr_0.55_cost_2.0_rows_50000 --max-rows 50000
SMOKE_STAGE,reports/hydra_label_lab/hydra_label_lab_20260522T210742Z/datasets/raw_sign_72b.parquet,lab_raw_sign_72b,fwd_ret_72b,72,0.68,hist_gradient_boosting,2.0,50000,2,0,WEAK_EDGE_NONOVERLAP,440,0.5113636363636364,0.00018365548351876237,0.16880841274825542,0.08080841274825544,-0.08388535511972917,100,340,random_seed_9,0.002319934289830252,0.07848847845842519,True,smoke promotion gate passed,PROMOTED_TO_MEDIUM,reports/hydra_research_gauntlet_standard_raw_72b/hydra_gauntlet_standard_lab_raw_sign_72b_20260522T225803Z/stage_outputs/smoke_stage_hist_gradient_boosting_thr_0.68_cost_2.0_rows_50000/nonoverlap_raw_sign_72b_lab_raw_sign_72b_20260522_230104/summary.json,reports/hydra_research_gauntlet_standard_raw_72b/hydra_gauntlet_standard_lab_raw_sign_72b_20260522T225803Z/stage_outputs/smoke_stage_hist_gradient_boosting_thr_0.68_cost_2.0_rows_50000/nonoverlap_raw_sign_72b_lab_raw_sign_72b_20260522_230104/summary.md,reports/hydra_research_gauntlet_standard_raw_72b/hydra_gauntlet_standard_lab_raw_sign_72b_20260522T225803Z/logs/smoke_stage_hist_gradient_boosting_thr_0.68_cost_2.0_rows_50000.log,python scripts/validate_hydra_nonoverlap.py --dataset reports/hydra_label_lab/hydra_label_lab_20260522T210742Z/datasets/raw_sign_72b.parquet --label-column lab_raw_sign_72b --return-column fwd_ret_72b --horizon-bars 72 --folds 2 --embargo-bars 288 --threshold 0.68 --cost-bps 2.0 --model hist_gradient_boosting --output-dir reports/hydra_research_gauntlet_standard_raw_72b/hydra_gauntlet_standard_lab_raw_sign_72b_20260522T225803Z/stage_outputs/smoke_stage_hist_gradient_boosting_thr_0.68_cost_2.0_rows_50000 --max-rows 50000
SMOKE_STAGE,reports/hydra_label_lab/hydra_label_lab_20260522T210742Z/datasets/raw_sign_72b.parquet,lab_raw_sign_72b,fwd_ret_72b,72,0.55,hist_gradient_boosting,2.0,50000,2,0,WEAK_EDGE_NONOVERLAP,459,0.5424836601307189,0.0001654328127426372,0.16773366104887047,0.07593366104887048,-0.10792467587494074,118,341,random_seed_9,0.002319934289830252,0.07361372675904022,True,smoke promotion gate passed,PROMOTED_TO_MEDIUM,reports/hydra_research_gauntlet_standard_raw_72b/hydra_gauntlet_standard_lab_raw_sign_72b_20260522T225803Z/stage_outputs/smoke_stage_hist_gradient_boosting_thr_0.55_cost_2.0_rows_50000/nonoverlap_raw_sign_72b_lab_raw_sign_72b_20260522_225846/summary.json,reports/hydra_research_gauntlet_standard_raw_72b/hydra_gauntlet_standard_lab_raw_sign_72b_20260522T225803Z/stage_outputs/smoke_stage_hist_gradient_boosting_thr_0.55_cost_2.0_rows_50000/nonoverlap_raw_sign_72b_lab_raw_sign_72b_20260522_225846/summary.md,reports/hydra_research_gauntlet_standard_raw_72b/hydra_gauntlet_standard_lab_raw_sign_72b_20260522T225803Z/logs/smoke_stage_hist_gradient_boosting_thr_0.55_cost_2.0_rows_50000.log,python scripts/validate_hydra_nonoverlap.py --dataset reports/hydra_label_lab/hydra_label_lab_20260522T210742Z/datasets/raw_sign_72b.parquet --label-column lab_raw_sign_72b --return-column fwd_ret_72b --horizon-bars 72 --folds 2 --embargo-bars 288 --threshold 0.55 --cost-bps 2.0 --model hist_gradient_boosting --output-dir reports/hydra_research_gauntlet_standard_raw_72b/hydra_gauntlet_standard_lab_raw_sign_72b_20260522T225803Z/stage_outputs/smoke_stage_hist_gradient_boosting_thr_0.55_cost_2.0_rows_50000 --max-rows 50000
SMOKE_STAGE,reports/hydra_label_lab/hydra_label_lab_20260522T210742Z/datasets/raw_sign_72b.parquet,lab_raw_sign_72b,fwd_ret_72b,72,0.58,hist_gradient_boosting,2.0,50000,2,0,WEAK_EDGE_NONOVERLAP,457,0.5054704595185996,0.00014837488018741148,0.15920732024564704,0.06780732024564705,-0.09775613009646283,109,348,random_seed_9,0.002319934289830252,0.0654873859558168,True,smoke promotion gate passed,PROMOTED_TO_MEDIUM,reports/hydra_research_gauntlet_standard_raw_72b/hydra_gauntlet_standard_lab_raw_sign_72b_20260522T225803Z/stage_outputs/smoke_stage_hist_gradient_boosting_thr_0.58_cost_2.0_rows_50000/nonoverlap_raw_sign_72b_lab_raw_sign_72b_20260522_225913/summary.json,reports/hydra_research_gauntlet_standard_raw_72b/hydra_gauntlet_standard_lab_raw_sign_72b_20260522T225803Z/stage_outputs/smoke_stage_hist_gradient_boosting_thr_0.58_cost_2.0_rows_50000/nonoverlap_raw_sign_72b_lab_raw_sign_72b_20260522_225913/summary.md,reports/hydra_research_gauntlet_standard_raw_72b/hydra_gauntlet_standard_lab_raw_sign_72b_20260522T225803Z/logs/smoke_stage_hist_gradient_boosting_thr_0.58_cost_2.0_rows_50000.log,python scripts/validate_hydra_nonoverlap.py --dataset reports/hydra_label_lab/hydra_label_lab_20260522T210742Z/datasets/raw_sign_72b.parquet --label-column lab_raw_sign_72b --return-column fwd_ret_72b --horizon-bars 72 --folds 2 --embargo-bars 288 --threshold 0.58 --cost-bps 2.0 --model hist_gradient_boosting --output-dir reports/hydra_research_gauntlet_standard_raw_72b/hydra_gauntlet_standard_lab_raw_sign_72b_20260522T225803Z/stage_outputs/smoke_stage_hist_gradient_boosting_thr_0.58_cost_2.0_rows_50000 --max-rows 50000
SMOKE_STAGE,reports/hydra_label_lab/hydra_label_lab_20260522T210742Z/datasets/raw_sign_72b.parquet,lab_raw_sign_72b,fwd_ret_72b,72,0.6,hist_gradient_boosting,2.0,50000,2,0,WEAK_EDGE_NONOVERLAP,456,0.5241228070175439,0.00012159284648956404,0.1466463379992412,0.0554463379992412,-0.12155785254270476,104,352,random_seed_9,0.002319934289830252,0.05312640370941095,True,smoke promotion gate passed,PROMOTED_TO_MEDIUM,reports/hydra_research_gauntlet_standard_raw_72b/hydra_gauntlet_standard_lab_raw_sign_72b_20260522T225803Z/stage_outputs/smoke_stage_hist_gradient_boosting_thr_0.6_cost_2.0_rows_50000/nonoverlap_raw_sign_72b_lab_raw_sign_72b_20260522_225941/summary.json,reports/hydra_research_gauntlet_standard_raw_72b/hydra_gauntlet_standard_lab_raw_sign_72b_20260522T225803Z/stage_outputs/smoke_stage_hist_gradient_boosting_thr_0.6_cost_2.0_rows_50000/nonoverlap_raw_sign_72b_lab_raw_sign_72b_20260522_225941/summary.md,reports/hydra_research_gauntlet_standard_raw_72b/hydra_gauntlet_standard_lab_raw_sign_72b_20260522T225803Z/logs/smoke_stage_hist_gradient_boosting_thr_0.6_cost_2.0_rows_50000.log,python scripts/validate_hydra_nonoverlap.py --dataset reports/hydra_label_lab/hydra_label_lab_20260522T210742Z/datasets/raw_sign_72b.parquet --label-column lab_raw_sign_72b --return-column fwd_ret_72b --horizon-bars 72 --folds 2 --embargo-bars 288 --threshold 0.6 --cost-bps 2.0 --model hist_gradient_boosting --output-dir reports/hydra_research_gauntlet_standard_raw_72b/hydra_gauntlet_standard_lab_raw_sign_72b_20260522T225803Z/stage_outputs/smoke_stage_hist_gradient_boosting_thr_0.6_cost_2.0_rows_50000 --max-rows 50000
SMOKE_STAGE,reports/hydra_label_lab/hydra_label_lab_20260522T210742Z/datasets/raw_sign_72b.parquet,lab_raw_sign_72b,fwd_ret_72b,72,0.58,lightgbm_or_sklearn_fallback,2.0,50000,2,0,WEAK_EDGE_NONOVERLAP,458,0.519650655021834,0.0001186859710884845,0.1459581747585259,0.054358174758525904,-0.09786481408368136,127,331,random_seed_9,0.002319934289830252,0.05203824046869565,True,smoke promotion gate passed,PROMOTED_TO_MEDIUM,reports/hydra_research_gauntlet_standard_raw_72b/hydra_gauntlet_standard_lab_raw_sign_72b_20260522T225803Z/stage_outputs/smoke_stage_lightgbm_or_sklearn_fallback_thr_0.58_cost_2.0_rows_50000/nonoverlap_raw_sign_72b_lab_raw_sign_72b_20260522_230230/summary.json,reports/hydra_research_gauntlet_standard_raw_72b/hydra_gauntlet_standard_lab_raw_sign_72b_20260522T225803Z/stage_outputs/smoke_stage_lightgbm_or_sklearn_fallback_thr_0.58_cost_2.0_rows_50000/nonoverlap_raw_sign_72b_lab_raw_sign_72b_20260522_230230/summary.md,reports/hydra_research_gauntlet_standard_raw_72b/hydra_gauntlet_standard_lab_raw_sign_72b_20260522T225803Z/logs/smoke_stage_lightgbm_or_sklearn_fallback_thr_0.58_cost_2.0_rows_50000.log,python scripts/validate_hydra_nonoverlap.py --dataset reports/hydra_label_lab/hydra_label_lab_20260522T210742Z/datasets/raw_sign_72b.parquet --label-column lab_raw_sign_72b --return-column fwd_ret_72b --horizon-bars 72 --folds 2 --embargo-bars 288 --threshold 0.58 --cost-bps 2.0 --model lightgbm_or_sklearn_fallback --output-dir reports/hydra_research_gauntlet_standard_raw_72b/hydra_gauntlet_standard_lab_raw_sign_72b_20260522T225803Z/stage_outputs/smoke_stage_lightgbm_or_sklearn_fallback_thr_0.58_cost_2.0_rows_50000 --max-rows 50000
SMOKE_STAGE,reports/hydra_label_lab/hydra_label_lab_20260522T210742Z/datasets/raw_sign_72b.parquet,lab_raw_sign_72b,fwd_ret_72b,72,0.72,lightgbm_or_sklearn_fallback,2.0,50000,2,0,WEAK_EDGE_NONOVERLAP,428,0.5373831775700935,0.00010355467030394587,0.12992139889008883,0.044321398890088834,-0.07913772518551458,97,331,random_seed_9,0.002319934289830252,0.04200146460025858,True,smoke promotion gate passed,PROMOTED_TO_MEDIUM,reports/hydra_research_gauntlet_standard_raw_72b/hydra_gauntlet_standard_lab_raw_sign_72b_20260522T225803Z/stage_outputs/smoke_stage_lightgbm_or_sklearn_fallback_thr_0.72_cost_2.0_rows_50000/nonoverlap_raw_sign_72b_lab_raw_sign_72b_20260522_230400/summary.json,reports/hydra_research_gauntlet_standard_raw_72b/hydra_gauntlet_standard_lab_raw_sign_72b_20260522T225803Z/stage_outputs/smoke_stage_lightgbm_or_sklearn_fallback_thr_0.72_cost_2.0_rows_50000/nonoverlap_raw_sign_72b_lab_raw_sign_72b_20260522_230400/summary.md,reports/hydra_research_gauntlet_standard_raw_72b/hydra_gauntlet_standard_lab_raw_sign_72b_20260522T225803Z/logs/smoke_stage_lightgbm_or_sklearn_fallback_thr_0.72_cost_2.0_rows_50000.log,python scripts/validate_hydra_nonoverlap.py --dataset reports/hydra_label_lab/hydra_label_lab_20260522T210742Z/datasets/raw_sign_72b.parquet --label-column lab_raw_sign_72b --return-column fwd_ret_72b --horizon-bars 72 --folds 2 --embargo-bars 288 --threshold 0.72 --cost-bps 2.0 --model lightgbm_or_sklearn_fallback --output-dir reports/hydra_research_gauntlet_standard_raw_72b/hydra_gauntlet_standard_lab_raw_sign_72b_20260522T225803Z/stage_outputs/smoke_stage_lightgbm_or_sklearn_fallback_thr_0.72_cost_2.0_rows_50000 --max-rows 50000
SMOKE_STAGE,reports/hydra_label_lab/hydra_label_lab_20260522T210742Z/datasets/raw_sign_72b.parquet,lab_raw_sign_72b,fwd_ret_72b,72,0.62,hist_gradient_boosting,2.0,50000,2,0,WEAK_EDGE_NONOVERLAP,453,0.5165562913907285,9.127118232699401e-05,0.13194584559412828,0.04134584559412829,-0.127531700815992,101,352,random_seed_9,0.002319934289830252,0.039025911304298035,True,smoke promotion gate passed,PROMOTED_TO_MEDIUM,reports/hydra_research_gauntlet_standard_raw_72b/hydra_gauntlet_standard_lab_raw_sign_72b_20260522T225803Z/stage_outputs/smoke_stage_hist_gradient_boosting_thr_0.62_cost_2.0_rows_50000/nonoverlap_raw_sign_72b_lab_raw_sign_72b_20260522_230009/summary.json,reports/hydra_research_gauntlet_standard_raw_72b/hydra_gauntlet_standard_lab_raw_sign_72b_20260522T225803Z/stage_outputs/smoke_stage_hist_gradient_boosting_thr_0.62_cost_2.0_rows_50000/nonoverlap_raw_sign_72b_lab_raw_sign_72b_20260522_230009/summary.md,reports/hydra_research_gauntlet_standard_raw_72b/hydra_gauntlet_standard_lab_raw_sign_72b_20260522T225803Z/logs/smoke_stage_hist_gradient_boosting_thr_0.62_cost_2.0_rows_50000.log,python scripts/validate_hydra_nonoverlap.py --dataset reports/hydra_label_lab/hydra_label_lab_20260522T210742Z/datasets/raw_sign_72b.parquet --label-column lab_raw_sign_72b --return-column fwd_ret_72b --horizon-bars 72 --folds 2 --embargo-bars 288 --threshold 0.62 --cost-bps 2.0 --model hist_gradient_boosting --output-dir reports/hydra_research_gauntlet_standard_raw_72b/hydra_gauntlet_standard_lab_raw_sign_72b_20260522T225803Z/stage_outputs/smoke_stage_hist_gradient_boosting_thr_0.62_cost_2.0_rows_50000 --max-rows 50000
SMOKE_STAGE,reports/hydra_label_lab/hydra_label_lab_20260522T210742Z/datasets/raw_sign_72b.parquet,lab_raw_sign_72b,fwd_ret_72b,72,0.6,lightgbm_or_sklearn_fallback,2.0,50000,2,0,WEAK_EDGE_NONOVERLAP,454,0.5088105726872246,6.961169576188527e-05,0.12240370987589591,0.03160370987589591,-0.09104300799503971,113,341,random_seed_9,0.002319934289830252,0.02928377558606566,True,smoke promotion gate passed,PROMOTED_TO_MEDIUM,reports/hydra_research_gauntlet_standard_raw_72b/hydra_gauntlet_standard_lab_raw_sign_72b_20260522T225803Z/stage_outputs/smoke_stage_lightgbm_or_sklearn_fallback_thr_0.6_cost_2.0_rows_50000/nonoverlap_raw_sign_72b_lab_raw_sign_72b_20260522_230246/summary.json,reports/hydra_research_gauntlet_standard_raw_72b/hydra_gauntlet_standard_lab_raw_sign_72b_20260522T225803Z/stage_outputs/smoke_stage_lightgbm_or_sklearn_fallback_thr_0.6_cost_2.0_rows_50000/nonoverlap_raw_sign_72b_lab_raw_sign_72b_20260522_230246/summary.md,reports/hydra_research_gauntlet_standard_raw_72b/hydra_gauntlet_standard_lab_raw_sign_72b_20260522T225803Z/logs/smoke_stage_lightgbm_or_sklearn_fallback_thr_0.6_cost_2.0_rows_50000.log,python scripts/validate_hydra_nonoverlap.py --dataset reports/hydra_label_lab/hydra_label_lab_20260522T210742Z/datasets/raw_sign_72b.parquet --label-column lab_raw_sign_72b --return-column fwd_ret_72b --horizon-bars 72 --folds 2 --embargo-bars 288 --threshold 0.6 --cost-bps 2.0 --model lightgbm_or_sklearn_fallback --output-dir reports/hydra_research_gauntlet_standard_raw_72b/hydra_gauntlet_standard_lab_raw_sign_72b_20260522T225803Z/stage_outputs/smoke_stage_lightgbm_or_sklearn_fallback_thr_0.6_cost_2.0_rows_50000 --max-rows 50000
SMOKE_STAGE,reports/hydra_label_lab/hydra_label_lab_20260522T210742Z/datasets/raw_sign_72b.parquet,lab_raw_sign_72b,fwd_ret_72b,72,0.72,hist_gradient_boosting,2.0,50000,2,0,MARGINAL_EDGE,433,0.49884526558891457,5.3306530782272566e-05,0.10968172782872401,0.02308172782872402,-0.0989030958469769,98,335,random_seed_9,0.002319934289830252,0.020761793538893767,True,smoke promotion gate passed,PROMOTED_TO_MEDIUM,reports/hydra_research_gauntlet_standard_raw_72b/hydra_gauntlet_standard_lab_raw_sign_72b_20260522T225803Z/stage_outputs/smoke_stage_hist_gradient_boosting_thr_0.72_cost_2.0_rows_50000/nonoverlap_raw_sign_72b_lab_raw_sign_72b_20260522_230159/summary.json,reports/hydra_research_gauntlet_standard_raw_72b/hydra_gauntlet_standard_lab_raw_sign_72b_20260522T225803Z/stage_outputs/smoke_stage_hist_gradient_boosting_thr_0.72_cost_2.0_rows_50000/nonoverlap_raw_sign_72b_lab_raw_sign_72b_20260522_230159/summary.md,reports/hydra_research_gauntlet_standard_raw_72b/hydra_gauntlet_standard_lab_raw_sign_72b_20260522T225803Z/logs/smoke_stage_hist_gradient_boosting_thr_0.72_cost_2.0_rows_50000.log,python scripts/validate_hydra_nonoverlap.py --dataset reports/hydra_label_lab/hydra_label_lab_20260522T210742Z/datasets/raw_sign_72b.parquet --label-column lab_raw_sign_72b --return-column fwd_ret_72b --horizon-bars 72 --folds 2 --embargo-bars 288 --threshold 0.72 --cost-bps 2.0 --model hist_gradient_boosting --output-dir reports/hydra_research_gauntlet_standard_raw_72b/hydra_gauntlet_standard_lab_raw_sign_72b_20260522T225803Z/stage_outputs/smoke_stage_hist_gradient_boosting_thr_0.72_cost_2.0_rows_50000 --max-rows 50000
SMOKE_STAGE,reports/hydra_label_lab/hydra_label_lab_20260522T210742Z/datasets/raw_sign_72b.parquet,lab_raw_sign_72b,fwd_ret_72b,72,0.62,lightgbm_or_sklearn_fallback,2.0,50000,2,0,MARGINAL_EDGE,453,0.49448123620309054,2.635747741552788e-05,0.10253993726923412,0.01193993726923413,-0.08833864483804413,108,345,random_seed_9,0.002319934289830252,0.009620002979403876,True,smoke promotion gate passed,PROMOTED_TO_MEDIUM,reports/hydra_research_gauntlet_standard_raw_72b/hydra_gauntlet_standard_lab_raw_sign_72b_20260522T225803Z/stage_outputs/smoke_stage_lightgbm_or_sklearn_fallback_thr_0.62_cost_2.0_rows_50000/nonoverlap_raw_sign_72b_lab_raw_sign_72b_20260522_230300/summary.json,reports/hydra_research_gauntlet_standard_raw_72b/hydra_gauntlet_standard_lab_raw_sign_72b_20260522T225803Z/stage_outputs/smoke_stage_lightgbm_or_sklearn_fallback_thr_0.62_cost_2.0_rows_50000/nonoverlap_raw_sign_72b_lab_raw_sign_72b_20260522_230300/summary.md,reports/hydra_research_gauntlet_standard_raw_72b/hydra_gauntlet_standard_lab_raw_sign_72b_20260522T225803Z/logs/smoke_stage_lightgbm_or_sklearn_fallback_thr_0.62_cost_2.0_rows_50000.log,python scripts/validate_hydra_nonoverlap.py --dataset reports/hydra_label_lab/hydra_label_lab_20260522T210742Z/datasets/raw_sign_72b.parquet --label-column lab_raw_sign_72b --return-column fwd_ret_72b --horizon-bars 72 --folds 2 --embargo-bars 288 --threshold 0.62 --cost-bps 2.0 --model lightgbm_or_sklearn_fallback --output-dir reports/hydra_research_gauntlet_standard_raw_72b/hydra_gauntlet_standard_lab_raw_sign_72b_20260522T225803Z/stage_outputs/smoke_stage_lightgbm_or_sklearn_fallback_thr_0.62_cost_2.0_rows_50000 --max-rows 50000
SMOKE_STAGE,reports/hydra_label_lab/hydra_label_lab_20260522T210742Z/datasets/raw_sign_72b.parquet,lab_raw_sign_72b,fwd_ret_72b,72,0.65,lightgbm_or_sklearn_fallback,2.0,50000,2,0,WEAK_EDGE_NONOVERLAP,445,0.5235955056179775,2.0969273152316265e-05,0.09833132655278073,0.009331326552780739,-0.12171754563540221,106,339,random_seed_9,0.002319934289830252,0.007011392262950487,True,smoke promotion gate passed,PROMOTED_TO_MEDIUM,reports/hydra_research_gauntlet_standard_raw_72b/hydra_gauntlet_standard_lab_raw_sign_72b_20260522T225803Z/stage_outputs/smoke_stage_lightgbm_or_sklearn_fallback_thr_0.65_cost_2.0_rows_50000/nonoverlap_raw_sign_72b_lab_raw_sign_72b_20260522_230316/summary.json,reports/hydra_research_gauntlet_standard_raw_72b/hydra_gauntlet_standard_lab_raw_sign_72b_20260522T225803Z/stage_outputs/smoke_stage_lightgbm_or_sklearn_fallback_thr_0.65_cost_2.0_rows_50000/nonoverlap_raw_sign_72b_lab_raw_sign_72b_20260522_230316/summary.md,reports/hydra_research_gauntlet_standard_raw_72b/hydra_gauntlet_standard_lab_raw_sign_72b_20260522T225803Z/logs/smoke_stage_lightgbm_or_sklearn_fallback_thr_0.65_cost_2.0_rows_50000.log,python scripts/validate_hydra_nonoverlap.py --dataset reports/hydra_label_lab/hydra_label_lab_20260522T210742Z/datasets/raw_sign_72b.parquet --label-column lab_raw_sign_72b --return-column fwd_ret_72b --horizon-bars 72 --folds 2 --embargo-bars 288 --threshold 0.65 --cost-bps 2.0 --model lightgbm_or_sklearn_fallback --output-dir reports/hydra_research_gauntlet_standard_raw_72b/hydra_gauntlet_standard_lab_raw_sign_72b_20260522T225803Z/stage_outputs/smoke_stage_lightgbm_or_sklearn_fallback_thr_0.65_cost_2.0_rows_50000 --max-rows 50000
FULL_STAGE,reports/hydra_label_lab/hydra_label_lab_20260522T210742Z/datasets/raw_sign_72b.parquet,lab_raw_sign_72b,fwd_ret_72b,72,0.55,lightgbm_or_sklearn_fallback,2.0,,5,0,WEAK_EDGE_NONOVERLAP,1146,0.5235602094240838,0.00019644745432954868,0.4543287826616628,0.2251287826616628,-0.13982199069851603,423,723,random_seed_9,0.0753814612315841,0.1497473214300787,False,full drawdown below -0.12,FAILED_GATE,reports/hydra_research_gauntlet_standard_raw_72b/hydra_gauntlet_standard_lab_raw_sign_72b_20260522T225803Z/stage_outputs/full_stage_lightgbm_or_sklearn_fallback_thr_0.55_cost_2.0_rows_full/nonoverlap_raw_sign_72b_lab_raw_sign_72b_20260522_232342/summary.json,reports/hydra_research_gauntlet_standard_raw_72b/hydra_gauntlet_standard_lab_raw_sign_72b_20260522T225803Z/stage_outputs/full_stage_lightgbm_or_sklearn_fallback_thr_0.55_cost_2.0_rows_full/nonoverlap_raw_sign_72b_lab_raw_sign_72b_20260522_232342/summary.md,reports/hydra_research_gauntlet_standard_raw_72b/hydra_gauntlet_standard_lab_raw_sign_72b_20260522T225803Z/logs/full_stage_lightgbm_or_sklearn_fallback_thr_0.55_cost_2.0_rows_full.log,python scripts/validate_hydra_nonoverlap.py --dataset reports/hydra_label_lab/hydra_label_lab_20260522T210742Z/datasets/raw_sign_72b.parquet --label-column lab_raw_sign_72b --return-column fwd_ret_72b --horizon-bars 72 --folds 5 --embargo-bars 288 --threshold 0.55 --cost-bps 2.0 --model lightgbm_or_sklearn_fallback --output-dir reports/hydra_research_gauntlet_standard_raw_72b/hydra_gauntlet_standard_lab_raw_sign_72b_20260522T225803Z/stage_outputs/full_stage_lightgbm_or_sklearn_fallback_thr_0.55_cost_2.0_rows_full
FULL_STAGE,reports/hydra_label_lab/hydra_label_lab_20260522T210742Z/datasets/raw_sign_72b.parquet,lab_raw_sign_72b,fwd_ret_72b,72,0.72,lightgbm_or_sklearn_fallback,2.0,,5,0,WEAK_EDGE_NONOVERLAP,933,0.5294748124330118,0.0001764579505665454,0.35123526787858683,0.16463526787858687,-0.12335773182131606,295,638,random_seed_9,0.0753814612315841,0.08925380664700278,False,full drawdown below -0.12,FAILED_GATE,reports/hydra_research_gauntlet_standard_raw_72b/hydra_gauntlet_standard_lab_raw_sign_72b_20260522T225803Z/stage_outputs/full_stage_lightgbm_or_sklearn_fallback_thr_0.72_cost_2.0_rows_full/nonoverlap_raw_sign_72b_lab_raw_sign_72b_20260522_232448/summary.json,reports/hydra_research_gauntlet_standard_raw_72b/hydra_gauntlet_standard_lab_raw_sign_72b_20260522T225803Z/stage_outputs/full_stage_lightgbm_or_sklearn_fallback_thr_0.72_cost_2.0_rows_full/nonoverlap_raw_sign_72b_lab_raw_sign_72b_20260522_232448/summary.md,reports/hydra_research_gauntlet_standard_raw_72b/hydra_gauntlet_standard_lab_raw_sign_72b_20260522T225803Z/logs/full_stage_lightgbm_or_sklearn_fallback_thr_0.72_cost_2.0_rows_full.log,python scripts/validate_hydra_nonoverlap.py --dataset reports/hydra_label_lab/hydra_label_lab_20260522T210742Z/datasets/raw_sign_72b.parquet --label-column lab_raw_sign_72b --return-column fwd_ret_72b --horizon-bars 72 --folds 5 --embargo-bars 288 --threshold 0.72 --cost-bps 2.0 --model lightgbm_or_sklearn_fallback --output-dir reports/hydra_research_gauntlet_standard_raw_72b/hydra_gauntlet_standard_lab_raw_sign_72b_20260522T225803Z/stage_outputs/full_stage_lightgbm_or_sklearn_fallback_thr_0.72_cost_2.0_rows_full
MEDIUM_STAGE,reports/hydra_label_lab/hydra_label_lab_20260522T210742Z/datasets/raw_sign_72b.parquet,lab_raw_sign_72b,fwd_ret_72b,72,0.6,hist_gradient_boosting,2.0,100000,3,0,WEAK_EDGE_NONOVERLAP,1008,0.5307539682539683,5.411455909150149e-05,0.2561474755642335,0.054547475564233505,-0.15363039516133103,534,474,random_seed_8,0.035344222873104396,0.01920325269112911,False,medium drawdown below -0.15,FAILED_GATE,reports/hydra_research_gauntlet_standard_raw_72b/hydra_gauntlet_standard_lab_raw_sign_72b_20260522T225803Z/stage_outputs/medium_stage_hist_gradient_boosting_thr_0.6_cost_2.0_rows_100000/nonoverlap_raw_sign_72b_lab_raw_sign_72b_20260522_230719/summary.json,reports/hydra_research_gauntlet_standard_raw_72b/hydra_gauntlet_standard_lab_raw_sign_72b_20260522T225803Z/stage_outputs/medium_stage_hist_gradient_boosting_thr_0.6_cost_2.0_rows_100000/nonoverlap_raw_sign_72b_lab_raw_sign_72b_20260522_230719/summary.md,reports/hydra_research_gauntlet_standard_raw_72b/hydra_gauntlet_standard_lab_raw_sign_72b_20260522T225803Z/logs/medium_stage_hist_gradient_boosting_thr_0.6_cost_2.0_rows_100000.log,python scripts/validate_hydra_nonoverlap.py --dataset reports/hydra_label_lab/hydra_label_lab_20260522T210742Z/datasets/raw_sign_72b.parquet --label-column lab_raw_sign_72b --return-column fwd_ret_72b --horizon-bars 72 --folds 3 --embargo-bars 288 --threshold 0.6 --cost-bps 2.0 --model hist_gradient_boosting --output-dir reports/hydra_research_gauntlet_standard_raw_72b/hydra_gauntlet_standard_lab_raw_sign_72b_20260522T225803Z/stage_outputs/medium_stage_hist_gradient_boosting_thr_0.6_cost_2.0_rows_100000 --max-rows 100000
MEDIUM_STAGE,reports/hydra_label_lab/hydra_label_lab_20260522T210742Z/datasets/raw_sign_72b.parquet,lab_raw_sign_72b,fwd_ret_72b,72,0.68,lightgbm_or_sklearn_fallback,2.0,100000,3,0,NO_EDGE,912,0.5208333333333334,2.5140623975106423e-05,0.20532824906529704,0.022928249065297057,-0.13659023892284589,414,498,random_seed_8,0.035344222873104396,-0.012415973807807339,False,medium baseline dominated,FAILED_GATE,reports/hydra_research_gauntlet_standard_raw_72b/hydra_gauntlet_standard_lab_raw_sign_72b_20260522T225803Z/stage_outputs/medium_stage_lightgbm_or_sklearn_fallback_thr_0.68_cost_2.0_rows_100000/nonoverlap_raw_sign_72b_lab_raw_sign_72b_20260522_231641/summary.json,reports/hydra_research_gauntlet_standard_raw_72b/hydra_gauntlet_standard_lab_raw_sign_72b_20260522T225803Z/stage_outputs/medium_stage_lightgbm_or_sklearn_fallback_thr_0.68_cost_2.0_rows_100000/nonoverlap_raw_sign_72b_lab_raw_sign_72b_20260522_231641/summary.md,reports/hydra_research_gauntlet_standard_raw_72b/hydra_gauntlet_standard_lab_raw_sign_72b_20260522T225803Z/logs/medium_stage_lightgbm_or_sklearn_fallback_thr_0.68_cost_2.0_rows_100000.log,python scripts/validate_hydra_nonoverlap.py --dataset reports/hydra_label_lab/hydra_label_lab_20260522T210742Z/datasets/raw_sign_72b.parquet --label-column lab_raw_sign_72b --return-column fwd_ret_72b --horizon-bars 72 --folds 3 --embargo-bars 288 --threshold 0.68 --cost-bps 2.0 --model lightgbm_or_sklearn_fallback --output-dir reports/hydra_research_gauntlet_standard_raw_72b/hydra_gauntlet_standard_lab_raw_sign_72b_20260522T225803Z/stage_outputs/medium_stage_lightgbm_or_sklearn_fallback_thr_0.68_cost_2.0_rows_100000 --max-rows 100000
FULL_STAGE,reports/hydra_label_lab/hydra_label_lab_20260522T210742Z/datasets/raw_sign_72b.parquet,lab_raw_sign_72b,fwd_ret_72b,72,0.58,hist_gradient_boosting,2.0,,5,0,NO_EDGE,1136,0.5017605633802817,5.014700731373464e-05,0.28416700030840253,0.05696700030840255,-0.13870688370334097,410,726,random_seed_9,0.0753814612315841,-0.018414460923181546,False,full baseline dominated; full drawdown below -0.12; full win rate below 0.52; validator verdict is NO_EDGE,FAILED_GATE,reports/hydra_research_gauntlet_standard_raw_72b/hydra_gauntlet_standard_lab_raw_sign_72b_20260522T225803Z/stage_outputs/full_stage_hist_gradient_boosting_thr_0.58_cost_2.0_rows_full/nonoverlap_raw_sign_72b_lab_raw_sign_72b_20260522_231905/summary.json,reports/hydra_research_gauntlet_standard_raw_72b/hydra_gauntlet_standard_lab_raw_sign_72b_20260522T225803Z/stage_outputs/full_stage_hist_gradient_boosting_thr_0.58_cost_2.0_rows_full/nonoverlap_raw_sign_72b_lab_raw_sign_72b_20260522_231905/summary.md,reports/hydra_research_gauntlet_standard_raw_72b/hydra_gauntlet_standard_lab_raw_sign_72b_20260522T225803Z/logs/full_stage_hist_gradient_boosting_thr_0.58_cost_2.0_rows_full.log,python scripts/validate_hydra_nonoverlap.py --dataset reports/hydra_label_lab/hydra_label_lab_20260522T210742Z/datasets/raw_sign_72b.parquet --label-column lab_raw_sign_72b --return-column fwd_ret_72b --horizon-bars 72 --folds 5 --embargo-bars 288 --threshold 0.58 --cost-bps 2.0 --model hist_gradient_boosting --output-dir reports/hydra_research_gauntlet_standard_raw_72b/hydra_gauntlet_standard_lab_raw_sign_72b_20260522T225803Z/stage_outputs/full_stage_hist_gradient_boosting_thr_0.58_cost_2.0_rows_full
MEDIUM_STAGE,reports/hydra_label_lab/hydra_label_lab_20260522T210742Z/datasets/raw_sign_72b.parquet,lab_raw_sign_72b,fwd_ret_72b,72,0.58,lightgbm_or_sklearn_fallback,2.0,100000,3,0,NO_EDGE,1019,0.5044160942100098,-6.218392477750727e-06,0.197463458065172,-0.006336541934827991,-0.1670586237455548,487,532,random_seed_8,0.035344222873104396,-0.04168076480793239,False,medium net return not positive; medium baseline dominated; medium drawdown below -0.15,FAILED_GATE,reports/hydra_research_gauntlet_standard_raw_72b/hydra_gauntlet_standard_lab_raw_sign_72b_20260522T225803Z/stage_outputs/medium_stage_lightgbm_or_sklearn_fallback_thr_0.58_cost_2.0_rows_100000/nonoverlap_raw_sign_72b_lab_raw_sign_72b_20260522_231410/summary.json,reports/hydra_research_gauntlet_standard_raw_72b/hydra_gauntlet_standard_lab_raw_sign_72b_20260522T225803Z/stage_outputs/medium_stage_lightgbm_or_sklearn_fallback_thr_0.58_cost_2.0_rows_100000/nonoverlap_raw_sign_72b_lab_raw_sign_72b_20260522_231410/summary.md,reports/hydra_research_gauntlet_standard_raw_72b/hydra_gauntlet_standard_lab_raw_sign_72b_20260522T225803Z/logs/medium_stage_lightgbm_or_sklearn_fallback_thr_0.58_cost_2.0_rows_100000.log,python scripts/validate_hydra_nonoverlap.py --dataset reports/hydra_label_lab/hydra_label_lab_20260522T210742Z/datasets/raw_sign_72b.parquet --label-column lab_raw_sign_72b --return-column fwd_ret_72b --horizon-bars 72 --folds 3 --embargo-bars 288 --threshold 0.58 --cost-bps 2.0 --model lightgbm_or_sklearn_fallback --output-dir reports/hydra_research_gauntlet_standard_raw_72b/hydra_gauntlet_standard_lab_raw_sign_72b_20260522T225803Z/stage_outputs/medium_stage_lightgbm_or_sklearn_fallback_thr_0.58_cost_2.0_rows_100000 --max-rows 100000
SMOKE_STAGE,reports/hydra_label_lab/hydra_label_lab_20260522T210742Z/datasets/raw_sign_72b.parquet,lab_raw_sign_72b,fwd_ret_72b,72,0.7,lightgbm_or_sklearn_fallback,2.0,50000,2,0,NO_EDGE,432,0.5162037037037037,-9.984195114330563e-05,0.04326827710609196,-0.043131722893908035,-0.14294445904201544,103,329,random_seed_9,0.002319934289830252,-0.04545165718373829,False,smoke neither net positive nor near baseline,FAILED_GATE,reports/hydra_research_gauntlet_standard_raw_72b/hydra_gauntlet_standard_lab_raw_sign_72b_20260522T225803Z/stage_outputs/smoke_stage_lightgbm_or_sklearn_fallback_thr_0.7_cost_2.0_rows_50000/nonoverlap_raw_sign_72b_lab_raw_sign_72b_20260522_230345/summary.json,reports/hydra_research_gauntlet_standard_raw_72b/hydra_gauntlet_standard_lab_raw_sign_72b_20260522T225803Z/stage_outputs/smoke_stage_lightgbm_or_sklearn_fallback_thr_0.7_cost_2.0_rows_50000/nonoverlap_raw_sign_72b_lab_raw_sign_72b_20260522_230345/summary.md,reports/hydra_research_gauntlet_standard_raw_72b/hydra_gauntlet_standard_lab_raw_sign_72b_20260522T225803Z/logs/smoke_stage_lightgbm_or_sklearn_fallback_thr_0.7_cost_2.0_rows_50000.log,python scripts/validate_hydra_nonoverlap.py --dataset reports/hydra_label_lab/hydra_label_lab_20260522T210742Z/datasets/raw_sign_72b.parquet --label-column lab_raw_sign_72b --return-column fwd_ret_72b --horizon-bars 72 --folds 2 --embargo-bars 288 --threshold 0.7 --cost-bps 2.0 --model lightgbm_or_sklearn_fallback --output-dir reports/hydra_research_gauntlet_standard_raw_72b/hydra_gauntlet_standard_lab_raw_sign_72b_20260522T225803Z/stage_outputs/smoke_stage_lightgbm_or_sklearn_fallback_thr_0.7_cost_2.0_rows_50000 --max-rows 50000
FULL_STAGE,reports/hydra_label_lab/hydra_label_lab_20260522T210742Z/datasets/raw_sign_72b.parquet,lab_raw_sign_72b,fwd_ret_72b,72,0.65,hist_gradient_boosting,2.0,,5,0,NO_EDGE,1073,0.5246971109040075,1.2748745463395974e-05,0.22827940388222384,0.01367940388222388,-0.17413088996360718,375,698,random_seed_9,0.0753814612315841,-0.06170205734936021,False,full baseline dominated; full drawdown below -0.12; validator verdict is NO_EDGE,FAILED_GATE,reports/hydra_research_gauntlet_standard_raw_72b/hydra_gauntlet_standard_lab_raw_sign_72b_20260522T225803Z/stage_outputs/full_stage_hist_gradient_boosting_thr_0.65_cost_2.0_rows_full/nonoverlap_raw_sign_72b_lab_raw_sign_72b_20260522_232238/summary.json,reports/hydra_research_gauntlet_standard_raw_72b/hydra_gauntlet_standard_lab_raw_sign_72b_20260522T225803Z/stage_outputs/full_stage_hist_gradient_boosting_thr_0.65_cost_2.0_rows_full/nonoverlap_raw_sign_72b_lab_raw_sign_72b_20260522_232238/summary.md,reports/hydra_research_gauntlet_standard_raw_72b/hydra_gauntlet_standard_lab_raw_sign_72b_20260522T225803Z/logs/full_stage_hist_gradient_boosting_thr_0.65_cost_2.0_rows_full.log,python scripts/validate_hydra_nonoverlap.py --dataset reports/hydra_label_lab/hydra_label_lab_20260522T210742Z/datasets/raw_sign_72b.parquet --label-column lab_raw_sign_72b --return-column fwd_ret_72b --horizon-bars 72 --folds 5 --embargo-bars 288 --threshold 0.65 --cost-bps 2.0 --model hist_gradient_boosting --output-dir reports/hydra_research_gauntlet_standard_raw_72b/hydra_gauntlet_standard_lab_raw_sign_72b_20260522T225803Z/stage_outputs/full_stage_hist_gradient_boosting_thr_0.65_cost_2.0_rows_full
MEDIUM_STAGE,reports/hydra_label_lab/hydra_label_lab_20260522T210742Z/datasets/raw_sign_72b.parquet,lab_raw_sign_72b,fwd_ret_72b,72,0.6,lightgbm_or_sklearn_fallback,2.0,100000,3,0,NO_EDGE,1005,0.5024875621890548,-3.4678056920693726e-05,0.16614855279470278,-0.0348514472052972,-0.1980588042590129,466,539,random_seed_8,0.035344222873104396,-0.07019567007840159,False,medium net return not positive; medium baseline dominated; medium drawdown below -0.15,FAILED_GATE,reports/hydra_research_gauntlet_standard_raw_72b/hydra_gauntlet_standard_lab_raw_sign_72b_20260522T225803Z/stage_outputs/medium_stage_lightgbm_or_sklearn_fallback_thr_0.6_cost_2.0_rows_100000/nonoverlap_raw_sign_72b_lab_raw_sign_72b_20260522_231448/summary.json,reports/hydra_research_gauntlet_standard_raw_72b/hydra_gauntlet_standard_lab_raw_sign_72b_20260522T225803Z/stage_outputs/medium_stage_lightgbm_or_sklearn_fallback_thr_0.6_cost_2.0_rows_100000/nonoverlap_raw_sign_72b_lab_raw_sign_72b_20260522_231448/summary.md,reports/hydra_research_gauntlet_standard_raw_72b/hydra_gauntlet_standard_lab_raw_sign_72b_20260522T225803Z/logs/medium_stage_lightgbm_or_sklearn_fallback_thr_0.6_cost_2.0_rows_100000.log,python scripts/validate_hydra_nonoverlap.py --dataset reports/hydra_label_lab/hydra_label_lab_20260522T210742Z/datasets/raw_sign_72b.parquet --label-column lab_raw_sign_72b --return-column fwd_ret_72b --horizon-bars 72 --folds 3 --embargo-bars 288 --threshold 0.6 --cost-bps 2.0 --model lightgbm_or_sklearn_fallback --output-dir reports/hydra_research_gauntlet_standard_raw_72b/hydra_gauntlet_standard_lab_raw_sign_72b_20260522T225803Z/stage_outputs/medium_stage_lightgbm_or_sklearn_fallback_thr_0.6_cost_2.0_rows_100000 --max-rows 100000
MEDIUM_STAGE,reports/hydra_label_lab/hydra_label_lab_20260522T210742Z/datasets/raw_sign_72b.parquet,lab_raw_sign_72b,fwd_ret_72b,72,0.72,hist_gradient_boosting,2.0,100000,3,0,NO_EDGE,834,0.5011990407673861,-4.4834311062588656e-05,0.12940818457380104,-0.03739181542619894,-0.13854449068976254,424,410,random_seed_8,0.035344222873104396,-0.07273603829930333,False,medium net return not positive; medium baseline dominated,FAILED_GATE,reports/hydra_research_gauntlet_standard_raw_72b/hydra_gauntlet_standard_lab_raw_sign_72b_20260522T225803Z/stage_outputs/medium_stage_hist_gradient_boosting_thr_0.72_cost_2.0_rows_100000/nonoverlap_raw_sign_72b_lab_raw_sign_72b_20260522_231254/summary.json,reports/hydra_research_gauntlet_standard_raw_72b/hydra_gauntlet_standard_lab_raw_sign_72b_20260522T225803Z/stage_outputs/medium_stage_hist_gradient_boosting_thr_0.72_cost_2.0_rows_100000/nonoverlap_raw_sign_72b_lab_raw_sign_72b_20260522_231254/summary.md,reports/hydra_research_gauntlet_standard_raw_72b/hydra_gauntlet_standard_lab_raw_sign_72b_20260522T225803Z/logs/medium_stage_hist_gradient_boosting_thr_0.72_cost_2.0_rows_100000.log,python scripts/validate_hydra_nonoverlap.py --dataset reports/hydra_label_lab/hydra_label_lab_20260522T210742Z/datasets/raw_sign_72b.parquet --label-column lab_raw_sign_72b --return-column fwd_ret_72b --horizon-bars 72 --folds 3 --embargo-bars 288 --threshold 0.72 --cost-bps 2.0 --model hist_gradient_boosting --output-dir reports/hydra_research_gauntlet_standard_raw_72b/hydra_gauntlet_standard_lab_raw_sign_72b_20260522T225803Z/stage_outputs/medium_stage_hist_gradient_boosting_thr_0.72_cost_2.0_rows_100000 --max-rows 100000
FULL_STAGE,reports/hydra_label_lab/hydra_label_lab_20260522T210742Z/datasets/raw_sign_72b.parquet,lab_raw_sign_72b,fwd_ret_72b,72,0.62,hist_gradient_boosting,2.0,,5,0,NO_EDGE,1108,0.5108303249097473,-5.801058276903094e-06,0.21517242742919135,-0.006427572570808628,-0.17894241419895987,386,722,random_seed_9,0.0753814612315841,-0.08180903380239272,False,full net return not positive; full baseline dominated; full drawdown below -0.12; full win rate below 0.52; validator verdict is NO_EDGE,FAILED_GATE,reports/hydra_research_gauntlet_standard_raw_72b/hydra_gauntlet_standard_lab_raw_sign_72b_20260522T225803Z/stage_outputs/full_stage_hist_gradient_boosting_thr_0.62_cost_2.0_rows_full/nonoverlap_raw_sign_72b_lab_raw_sign_72b_20260522_232050/summary.json,reports/hydra_research_gauntlet_standard_raw_72b/hydra_gauntlet_standard_lab_raw_sign_72b_20260522T225803Z/stage_outputs/full_stage_hist_gradient_boosting_thr_0.62_cost_2.0_rows_full/nonoverlap_raw_sign_72b_lab_raw_sign_72b_20260522_232050/summary.md,reports/hydra_research_gauntlet_standard_raw_72b/hydra_gauntlet_standard_lab_raw_sign_72b_20260522T225803Z/logs/full_stage_hist_gradient_boosting_thr_0.62_cost_2.0_rows_full.log,python scripts/validate_hydra_nonoverlap.py --dataset reports/hydra_label_lab/hydra_label_lab_20260522T210742Z/datasets/raw_sign_72b.parquet --label-column lab_raw_sign_72b --return-column fwd_ret_72b --horizon-bars 72 --folds 5 --embargo-bars 288 --threshold 0.62 --cost-bps 2.0 --model hist_gradient_boosting --output-dir reports/hydra_research_gauntlet_standard_raw_72b/hydra_gauntlet_standard_lab_raw_sign_72b_20260522T225803Z/stage_outputs/full_stage_hist_gradient_boosting_thr_0.62_cost_2.0_rows_full
MEDIUM_STAGE,reports/hydra_label_lab/hydra_label_lab_20260522T210742Z/datasets/raw_sign_72b.parquet,lab_raw_sign_72b,fwd_ret_72b,72,0.7,hist_gradient_boosting,2.0,100000,3,0,NO_EDGE,878,0.4988610478359909,-6.123529867602448e-05,0.12183540776245048,-0.053764592237549494,-0.14969627831351418,444,434,random_seed_8,0.035344222873104396,-0.08910881511065388,False,medium net return not positive; medium baseline dominated,FAILED_GATE,reports/hydra_research_gauntlet_standard_raw_72b/hydra_gauntlet_standard_lab_raw_sign_72b_20260522T225803Z/stage_outputs/medium_stage_hist_gradient_boosting_thr_0.7_cost_2.0_rows_100000/nonoverlap_raw_sign_72b_lab_raw_sign_72b_20260522_231146/summary.json,reports/hydra_research_gauntlet_standard_raw_72b/hydra_gauntlet_standard_lab_raw_sign_72b_20260522T225803Z/stage_outputs/medium_stage_hist_gradient_boosting_thr_0.7_cost_2.0_rows_100000/nonoverlap_raw_sign_72b_lab_raw_sign_72b_20260522_231146/summary.md,reports/hydra_research_gauntlet_standard_raw_72b/hydra_gauntlet_standard_lab_raw_sign_72b_20260522T225803Z/logs/medium_stage_hist_gradient_boosting_thr_0.7_cost_2.0_rows_100000.log,python scripts/validate_hydra_nonoverlap.py --dataset reports/hydra_label_lab/hydra_label_lab_20260522T210742Z/datasets/raw_sign_72b.parquet --label-column lab_raw_sign_72b --return-column fwd_ret_72b --horizon-bars 72 --folds 3 --embargo-bars 288 --threshold 0.7 --cost-bps 2.0 --model hist_gradient_boosting --output-dir reports/hydra_research_gauntlet_standard_raw_72b/hydra_gauntlet_standard_lab_raw_sign_72b_20260522T225803Z/stage_outputs/medium_stage_hist_gradient_boosting_thr_0.7_cost_2.0_rows_100000 --max-rows 100000
MEDIUM_STAGE,reports/hydra_label_lab/hydra_label_lab_20260522T210742Z/datasets/raw_sign_72b.parquet,lab_raw_sign_72b,fwd_ret_72b,72,0.68,hist_gradient_boosting,2.0,100000,3,0,NO_EDGE,919,0.5136017410228509,-6.163788298119378e-05,0.1271547855402829,-0.05664521445971708,-0.15153357526062006,467,452,random_seed_8,0.035344222873104396,-0.09198943733282147,False,medium net return not positive; medium baseline dominated; medium drawdown below -0.15,FAILED_GATE,reports/hydra_research_gauntlet_standard_raw_72b/hydra_gauntlet_standard_lab_raw_sign_72b_20260522T225803Z/stage_outputs/medium_stage_hist_gradient_boosting_thr_0.68_cost_2.0_rows_100000/nonoverlap_raw_sign_72b_lab_raw_sign_72b_20260522_231037/summary.json,reports/hydra_research_gauntlet_standard_raw_72b/hydra_gauntlet_standard_lab_raw_sign_72b_20260522T225803Z/stage_outputs/medium_stage_hist_gradient_boosting_thr_0.68_cost_2.0_rows_100000/nonoverlap_raw_sign_72b_lab_raw_sign_72b_20260522_231037/summary.md,reports/hydra_research_gauntlet_standard_raw_72b/hydra_gauntlet_standard_lab_raw_sign_72b_20260522T225803Z/logs/medium_stage_hist_gradient_boosting_thr_0.68_cost_2.0_rows_100000.log,python scripts/validate_hydra_nonoverlap.py --dataset reports/hydra_label_lab/hydra_label_lab_20260522T210742Z/datasets/raw_sign_72b.parquet --label-column lab_raw_sign_72b --return-column fwd_ret_72b --horizon-bars 72 --folds 3 --embargo-bars 288 --threshold 0.68 --cost-bps 2.0 --model hist_gradient_boosting --output-dir reports/hydra_research_gauntlet_standard_raw_72b/hydra_gauntlet_standard_lab_raw_sign_72b_20260522T225803Z/stage_outputs/medium_stage_hist_gradient_boosting_thr_0.68_cost_2.0_rows_100000 --max-rows 100000
MEDIUM_STAGE,reports/hydra_label_lab/hydra_label_lab_20260522T210742Z/datasets/raw_sign_72b.parquet,lab_raw_sign_72b,fwd_ret_72b,72,0.55,hist_gradient_boosting,2.0,100000,3,0,NO_EDGE,1032,0.49224806201550386,-5.691316310715587e-05,0.14766561567341513,-0.05873438432658486,-0.2815928575123751,534,498,random_seed_8,0.035344222873104396,-0.09407860719968925,False,medium net return not positive; medium baseline dominated; medium drawdown below -0.15,FAILED_GATE,reports/hydra_research_gauntlet_standard_raw_72b/hydra_gauntlet_standard_lab_raw_sign_72b_20260522T225803Z/stage_outputs/medium_stage_hist_gradient_boosting_thr_0.55_cost_2.0_rows_100000/nonoverlap_raw_sign_72b_lab_raw_sign_72b_20260522_230506/summary.json,reports/hydra_research_gauntlet_standard_raw_72b/hydra_gauntlet_standard_lab_raw_sign_72b_20260522T225803Z/stage_outputs/medium_stage_hist_gradient_boosting_thr_0.55_cost_2.0_rows_100000/nonoverlap_raw_sign_72b_lab_raw_sign_72b_20260522_230506/summary.md,reports/hydra_research_gauntlet_standard_raw_72b/hydra_gauntlet_standard_lab_raw_sign_72b_20260522T225803Z/logs/medium_stage_hist_gradient_boosting_thr_0.55_cost_2.0_rows_100000.log,python scripts/validate_hydra_nonoverlap.py --dataset reports/hydra_label_lab/hydra_label_lab_20260522T210742Z/datasets/raw_sign_72b.parquet --label-column lab_raw_sign_72b --return-column fwd_ret_72b --horizon-bars 72 --folds 3 --embargo-bars 288 --threshold 0.55 --cost-bps 2.0 --model hist_gradient_boosting --output-dir reports/hydra_research_gauntlet_standard_raw_72b/hydra_gauntlet_standard_lab_raw_sign_72b_20260522T225803Z/stage_outputs/medium_stage_hist_gradient_boosting_thr_0.55_cost_2.0_rows_100000 --max-rows 100000
MEDIUM_STAGE,reports/hydra_label_lab/hydra_label_lab_20260522T210742Z/datasets/raw_sign_72b.parquet,lab_raw_sign_72b,fwd_ret_72b,72,0.65,lightgbm_or_sklearn_fallback,2.0,100000,3,0,NO_EDGE,952,0.5063025210084033,-8.294199295823926e-05,0.11143922270375621,-0.07896077729624378,-0.1706467855214183,440,512,random_seed_8,0.035344222873104396,-0.11430500016934816,False,medium net return not positive; medium baseline dominated; medium drawdown below -0.15,FAILED_GATE,reports/hydra_research_gauntlet_standard_raw_72b/hydra_gauntlet_standard_lab_raw_sign_72b_20260522T225803Z/stage_outputs/medium_stage_lightgbm_or_sklearn_fallback_thr_0.65_cost_2.0_rows_100000/nonoverlap_raw_sign_72b_lab_raw_sign_72b_20260522_231604/summary.json,reports/hydra_research_gauntlet_standard_raw_72b/hydra_gauntlet_standard_lab_raw_sign_72b_20260522T225803Z/stage_outputs/medium_stage_lightgbm_or_sklearn_fallback_thr_0.65_cost_2.0_rows_100000/nonoverlap_raw_sign_72b_lab_raw_sign_72b_20260522_231604/summary.md,reports/hydra_research_gauntlet_standard_raw_72b/hydra_gauntlet_standard_lab_raw_sign_72b_20260522T225803Z/logs/medium_stage_lightgbm_or_sklearn_fallback_thr_0.65_cost_2.0_rows_100000.log,python scripts/validate_hydra_nonoverlap.py --dataset reports/hydra_label_lab/hydra_label_lab_20260522T210742Z/datasets/raw_sign_72b.parquet --label-column lab_raw_sign_72b --return-column fwd_ret_72b --horizon-bars 72 --folds 3 --embargo-bars 288 --threshold 0.65 --cost-bps 2.0 --model lightgbm_or_sklearn_fallback --output-dir reports/hydra_research_gauntlet_standard_raw_72b/hydra_gauntlet_standard_lab_raw_sign_72b_20260522T225803Z/stage_outputs/medium_stage_lightgbm_or_sklearn_fallback_thr_0.65_cost_2.0_rows_100000 --max-rows 100000
MEDIUM_STAGE,reports/hydra_label_lab/hydra_label_lab_20260522T210742Z/datasets/raw_sign_72b.parquet,lab_raw_sign_72b,fwd_ret_72b,72,0.62,lightgbm_or_sklearn_fallback,2.0,100000,3,0,NO_EDGE,983,0.49847405900305186,-0.00010988681088307386,0.08858126490193838,-0.1080187350980616,-0.24471003107577297,458,525,random_seed_8,0.035344222873104396,-0.143362957971166,False,medium net return not positive; medium baseline dominated; medium drawdown below -0.15,FAILED_GATE,reports/hydra_research_gauntlet_standard_raw_72b/hydra_gauntlet_standard_lab_raw_sign_72b_20260522T225803Z/stage_outputs/medium_stage_lightgbm_or_sklearn_fallback_thr_0.62_cost_2.0_rows_100000/nonoverlap_raw_sign_72b_lab_raw_sign_72b_20260522_231526/summary.json,reports/hydra_research_gauntlet_standard_raw_72b/hydra_gauntlet_standard_lab_raw_sign_72b_20260522T225803Z/stage_outputs/medium_stage_lightgbm_or_sklearn_fallback_thr_0.62_cost_2.0_rows_100000/nonoverlap_raw_sign_72b_lab_raw_sign_72b_20260522_231526/summary.md,reports/hydra_research_gauntlet_standard_raw_72b/hydra_gauntlet_standard_lab_raw_sign_72b_20260522T225803Z/logs/medium_stage_lightgbm_or_sklearn_fallback_thr_0.62_cost_2.0_rows_100000.log,python scripts/validate_hydra_nonoverlap.py --dataset reports/hydra_label_lab/hydra_label_lab_20260522T210742Z/datasets/raw_sign_72b.parquet --label-column lab_raw_sign_72b --return-column fwd_ret_72b --horizon-bars 72 --folds 3 --embargo-bars 288 --threshold 0.62 --cost-bps 2.0 --model lightgbm_or_sklearn_fallback --output-dir reports/hydra_research_gauntlet_standard_raw_72b/hydra_gauntlet_standard_lab_raw_sign_72b_20260522T225803Z/stage_outputs/medium_stage_lightgbm_or_sklearn_fallback_thr_0.62_cost_2.0_rows_100000 --max-rows 100000
